"variable","media","mediana","moda","simetria","curtosis","varianza","desviacion_estandar","rango","coeficiente_variacion"
"GNP.deflator",101.68125,100.6,83,-0.132891452013149,1.60471605036205,116.457625,10.7915534099591,33.9,10.6131203245034
"GNP",387.6984375,381.427,234.289,0.0229517884988447,1.65404009917599,9879.35365932917,99.394937795288,320.605,25.6371778117594
"Unemployed",319.33125,314.35,187,0.143528401593051,1.70043046480033,8732.23429166667,93.44642471313,293.6,29.2631631614914
"Armed.Forces",260.66875,271.75,145.6,-0.367215189626096,1.80244543852152,4843.04095833333,69.5919604432389,213.8,26.6974696595733
"Population",117.424,116.8035,107.608,0.26160748412601,1.73078181541899,48.3873489333333,6.95610156145907,22.473,5.92391807591214
"Year",1954.5,1954.5,1947,0,1.57375919117647,22.6666666666667,4.76095228569523,15,0.243589270181388
"Employed",65.317,65.504,60.171,-0.0856076974594022,1.44889585402328,12.3339217333333,3.51196835596982,10.38,5.37680597083426
